mean,sd,min,max,n
2260.6664775364065,2623.2236631553756,68.6604990272928,16343.0404045489,149
