mean,sd,min,max,n
116.1340206185567,164.17784675496878,1,993,194
