indicator,mean,sd,min,max,n
maternal_mortality,116.1340206185567,164.17784675496878,1,993,194
energy_use,2260.6664775364065,2623.2236631553756,68.6604990272928,16343.0404045489,149
